3coins_official,2124526968,general store
24karatsofficial,1048539688,fashion
ambush_official,427083368,fashion
ana.japan,1756950217,other
asicstiger,1463084823,fashion
azulbymoussy_official,1179956868,fashion
bape_japan,268332101,fashion
beams_official,570381188,fashion
bubblestokyo,374516026,fashion
cando_official,2059783377,general store
canmaketokyo,2952194259,cosmetic
commedesgarcons,1680276293,fashion
converse_jp,1542351819,fashion
cookpad_tv,1376788176,other
daiso_official,1593744638,general store
dazzlin_official,437883158,fashion
delishkitchen.tv,2165234078,other
dholic_official,448581862,fashion
doverstreetmarketginza,289593393,fashion
earth__1999,1943002253,fashion
ellejapan,1008636537,other
emoda_official,582362395,fashion
etudehousejapan,979702758,cosmetic
evris_official,506643253,fashion
fifth_store,1195623815,fashion
fray_id,342568151,fashion
gelatopique_official,1539202809,fashion
globalwork_official,1127287452,fashion
grl_official,1375320270,fashion
gu_global,462228849,fashion
gydajp,936643911,fashion
haagendazs_jp,1590002477,food
heather_love_official,1088755256,fashion
honda,260574228,other
honeymihoney_official,447026764,fashion
humanmade,2986628,fashion
iena_jp,1649229033,fashion
ikeajapan,2026777600,general store
japanairlines_jal,1398021015,other
jeanasis_official,1154965341,fashion
jillstuartbeauty,1445696315,cosmetic
jouetie_official,539224217,fashion
kastane_,1174818723,fashion
katespadejapan,210822549,fashion
kbfofficial,1249897163,fashion
kenzo,181303532,fashion
kinarino_official,2066022988,general store
feel_kiyomizudera,1474426624,other
kurashiru,2092004125,other
ladureejapon,2332055565,food
lowrysfarm_official,1088650019,fashion
maisondefleur_press,1691395624,fashion
maisondereefur,609770941,fashion
majesticlegon_official,1639511554,fashion
mercuryduo_com,338124452,fashion
moussyofficial,358843405,fashion
muji_global,1771059415,general store
mujihouse,2461795660,general store
murua_official,309666968,fashion
mystic_pr,293055978,fashion
neighborhood_official,1171493658,fashion
niceclaup_official_,1486614995,fashion
nikoand_official,2036491737,fashion
nissan,306210649,other
nitori_official,1953482959,general store
nylonjapan,180819784,fashion
onepieceofficial,919602694,other
pageboy_pr,315355323,fashion
paulandjoe_beaute,1991505294,cosmetic
pkcz_gallery_store,2227552485,fashion
plazastyle,1258113527,general store
pokemon,1711337410,other
rmkofficial,1811693651,cosmetic
sacaiofficial,1012008761,fashion
sheltter_official,573632703,fashion
grshimamura,1791321411,fashion
shiseido,1315862886,cosmetic
shuuemura,1015759565,cosmetic
sly_official,201268868,fashion
snidel_official,1381175515,fashion
starbucks_j,1724438788,food
seven.official,2227491781,fashion
stussyjapan,20796426,fashion
tastemade_japan,2251549828,other
tastyjapan,3067873658,other
tegamisha,3100723,general store
threecosmetics,628181788,cosmetic
titivatejp,1268267764,fashion
tittyandco_com,361997511,fashion
togaarchives,808245365,fashion
tokyodisneyresort_official,2095060625,other
toyota_jp,1595002613,other
undercover_lab,1083172226,fashion
ungrid_official,459114991,fashion
unico_fan,1991167971,general store
uniqlo,1707339581,fashion
unitedarrows_official,1694079959,fashion
urban_research,231275383,fashion
vansjapan,1957717891,fashion
vivi_mag_official,1474473148,other
voguejapan,12236030,other
wclosetwearsinc,1741397705,fashion
wego_official,665380352,fashion
whoswhochico,488298295,fashion
workwheelsjapan,275063199,other
wtaps_tokyo,252409694,fashion
yamahamotogp,277595639,other
yohjiyamamotoofficial,1649708053,other
